transcript_col,model_type,embedding_dim,lstm_units,dropout,recurrent_dropout,dense_units,learning_rate,mean_accuracy,std_accuracy,mean_macro_f1,std_macro_f1,mean_weighted_f1,std_weighted_f1,mean_precision_macro,std_precision_macro,mean_recall_macro,std_recall_macro
Transcript_PFT,lstm,100,16,0.3,0.0,0,0.001,0.5473790322580645,0.09325005440042156,0.5067303842303843,0.13469634136265318,0.5105630444340121,0.1296978103983794,0.5010176651305683,0.163884435587039,0.5422549019607843,0.09402099433642054
Transcript_PFT,lstm,100,16,0.3,0.0,0,0.0005,0.5534274193548387,0.10330079339091501,0.5050178677944284,0.14348479517718166,0.5084771339091491,0.13991717143642765,0.5364661654135338,0.135353554268868,0.5491421568627451,0.11031927136918868
Transcript_PFT,lstm,100,16,0.3,0.0,64,0.001,0.5802419354838709,0.08468221952600297,0.5047745031026765,0.13744602514912732,0.5102165814041313,0.13551350153500663,0.6658691899184259,0.12796482146060426,0.5711029411764705,0.08818001911077578
Transcript_PFT,lstm,100,16,0.3,0.0,64,0.0005,0.5026209677419354,0.1381923727774459,0.48477562900242227,0.1324854772828307,0.48299075848278133,0.13330715287540118,0.5210549173049173,0.1512483809952686,0.5070343137254902,0.13890758656822585
Transcript_PFT,lstm,100,16,0.3,0.1,0,0.001,0.5925403225806452,0.06259910197149697,0.5681208875691635,0.0918727943177997,0.5644406501976024,0.09752691506980073,0.6226120814051848,0.04549400768644953,0.6006862745098039,0.05346429043115778
Transcript_PFT,lstm,100,16,0.3,0.1,0,0.0005,0.5419354838709677,0.08193772618851983,0.48787171980637867,0.13968490348428805,0.4833490804037789,0.14865480099817424,0.5077135803540355,0.17133363627367743,0.5488235294117647,0.0678220310129025
Transcript_PFT,lstm,100,16,0.3,0.1,64,0.001,0.5167338709677419,0.0823953234961005,0.4343930380902868,0.13457509885060434,0.4272225094458542,0.14389395681906997,0.43594753384374696,0.19767465995808894,0.5275980392156863,0.06709457537958761
Transcript_PFT,lstm,100,16,0.3,0.1,64,0.0005,0.5606854838709677,0.06794683872572717,0.45500704757699995,0.13281213060147756,0.46371967629126204,0.12709789919913736,0.47430425641284923,0.20010645689079762,0.5474509803921569,0.07204795377867944
Transcript_PFT,lstm,100,128,0.3,0.0,0,0.001,0.5727822580645161,0.06985676170999984,0.5430698867197724,0.08389956229068811,0.5441856441459675,0.08531639723370889,0.5924265587241762,0.07581352035174113,0.5712745098039216,0.06440120634507165
Transcript_PFT,lstm,100,128,0.3,0.0,0,0.0005,0.5413306451612903,0.11317292097327569,0.4524844545614126,0.13203671748972828,0.4629378473058073,0.12827182418783173,0.5119421024377921,0.22198492176996668,0.5241176470588235,0.11292216886920878
Transcript_PFT,lstm,100,128,0.3,0.0,64,0.001,0.5675403225806451,0.08800235790817505,0.48525152066342,0.14741750943394874,0.4822509115147707,0.15058342486492213,0.6256708034057262,0.21190265728722915,0.573063725490196,0.08170152979108634
Transcript_PFT,lstm,100,128,0.3,0.0,64,0.0005,0.572983870967742,0.05938432685932257,0.49379926547022573,0.1431548262494738,0.5008504329455478,0.13566823833757646,0.47382881231671553,0.19647488903916596,0.562671568627451,0.06703630763783701
Transcript_PFT,lstm,100,128,0.3,0.1,0,0.001,0.5862903225806451,0.06523119977263421,0.540751181549054,0.12145733929121957,0.5452784059407259,0.1177631342816934,0.5462697659709045,0.17911062377679607,0.5786274509803921,0.06835833306793683
Transcript_PFT,lstm,100,128,0.3,0.1,0,0.0005,0.5225806451612903,0.05993365326729734,0.45758350014104493,0.09888073407044105,0.4594392400979883,0.10094210204999175,0.5188936525374157,0.19659434963207087,0.5199754901960785,0.05517864019453363
Transcript_PFT,lstm,100,128,0.3,0.1,64,0.001,0.5608870967741935,0.06613625427715643,0.4806122002164635,0.13692659695701864,0.48620017838384183,0.12948627417405045,0.46873607825339325,0.19868566634302,0.553578431372549,0.06990228735176586
Transcript_PFT,lstm,100,128,0.3,0.1,64,0.0005,0.5419354838709677,0.04612156809958462,0.48777591988727514,0.07692407665949252,0.4927382488759699,0.06954316944705867,0.5698369159576055,0.14410144215410092,0.5348284313725491,0.054457177215926265
Transcript_PFT,lstm,200,16,0.3,0.0,0,0.001,0.5608870967741935,0.14036660414355304,0.5264850427350426,0.1713566490972088,0.5251731803143094,0.1754606427462751,0.527515477205375,0.21129162764662807,0.5626960784313726,0.13475011738201756
Transcript_PFT,lstm,200,16,0.3,0.0,0,0.0005,0.5798387096774194,0.1041052975658276,0.5588372154161629,0.09589575938052515,0.5597827681656204,0.09986049671891631,0.6132212915908568,0.14289256661962693,0.5773284313725491,0.09441982453685736
Transcript_PFT,lstm,200,16,0.3,0.0,64,0.001,0.5796370967741935,0.056406592070716854,0.513530961021696,0.13471306110715828,0.5192311178620983,0.12564028721280782,0.5343683216533412,0.16287114859924445,0.5724264705882354,0.07029097052804104
Transcript_PFT,lstm,200,16,0.3,0.0,64,0.0005,0.5219758064516129,0.10591491662157533,0.49407830121078755,0.11511924101816488,0.498539884591272,0.11366355562477745,0.5167693744164332,0.1231581297080008,0.514656862745098,0.10634058687833088
Transcript_PFT,lstm,200,16,0.3,0.1,0,0.001,0.5213709677419355,0.14379219678821248,0.5024160277781791,0.16976501850190587,0.5041911173870725,0.16743807641248976,0.5006798245614036,0.1921007006487761,0.5194117647058822,0.14536681332638016
Transcript_PFT,lstm,200,16,0.3,0.1,0,0.0005,0.5741935483870967,0.08561607720281474,0.5588028573588983,0.08259039085736242,0.5557513307562053,0.08354112562707663,0.6139224174518292,0.1246430064669008,0.5822058823529412,0.08619711602169482
Transcript_PFT,lstm,200,16,0.3,0.1,64,0.001,0.5536290322580645,0.06714572379910522,0.4572750431939324,0.14438248569890658,0.45740378127757764,0.14343133998800217,0.5068310760405412,0.23905117286361005,0.5553921568627451,0.07073217936764631
Transcript_PFT,lstm,200,16,0.3,0.1,64,0.0005,0.5610887096774193,0.08459817720783738,0.5176277150319704,0.13064994156269685,0.5126126646751218,0.13916167425676546,0.5371228418267892,0.18506273295418094,0.5697794117647059,0.07515600764669604
Transcript_PFT,lstm,200,128,0.3,0.0,0,0.001,0.5600806451612903,0.12302022202066848,0.5352345786014625,0.1299317975207973,0.537536300887097,0.1286464211601618,0.575861921653664,0.13217124149987894,0.5570098039215686,0.12248777268535917
Transcript_PFT,lstm,200,128,0.3,0.0,0,0.0005,0.5979838709677419,0.09817482306169228,0.5379115447714653,0.15224581069371934,0.5439508828503332,0.147997769054926,0.6090206728137763,0.21772647864061276,0.587720588235294,0.10207702179015163
Transcript_PFT,lstm,200,128,0.3,0.0,64,0.001,0.5600806451612904,0.1494055680716474,0.5184536427106182,0.1435392106947977,0.5187697041720549,0.14793984654007175,0.6348391861761427,0.18412628395307298,0.5583823529411764,0.14358809292264407
Transcript_PFT,lstm,200,128,0.3,0.0,64,0.0005,0.5292338709677419,0.07791497523765967,0.47811540040198575,0.11282094387929555,0.4792809426493533,0.11128232982371726,0.5298413771638923,0.13506658245761813,0.5284313725490197,0.08026507059471144
Transcript_PFT,lstm,200,128,0.3,0.1,0,0.001,0.5544354838709677,0.06504945889073258,0.49363626981018294,0.13209865320873285,0.48756171794916536,0.13898303156752642,0.5633326351068286,0.1908006268644967,0.5653921568627451,0.05368252774938273
Transcript_PFT,lstm,200,128,0.3,0.1,0,0.0005,0.5229838709677419,0.09623030546374776,0.4881271201218821,0.10178609160069298,0.49333149205140325,0.09904571119440592,0.5257160564454615,0.10899013060585495,0.5144607843137254,0.09405942624537629
Transcript_PFT,lstm,200,128,0.3,0.1,64,0.001,0.586491935483871,0.09509099884802281,0.5555493495451078,0.11356188421499289,0.5541609350197247,0.11893964087297665,0.6072787738577212,0.0963880374267297,0.5886519607843137,0.08428645035916744
Transcript_PFT,lstm,200,128,0.3,0.1,64,0.0005,0.5802419354838709,0.0871512439815027,0.5192944446663217,0.13467720520000875,0.5228133941225643,0.13378903162482456,0.6384900284900284,0.16631106444032734,0.5741911764705883,0.0898821496282733
Transcript_PFT,bilstm,100,16,0.3,0.0,0,0.001,0.5477822580645161,0.08181982208267113,0.5322275204858276,0.10047491947907271,0.5320443667540035,0.10341183771322018,0.5442124786977727,0.08887539135675263,0.5484313725490196,0.07733932600920848
Transcript_PFT,bilstm,100,16,0.3,0.0,0,0.0005,0.5602822580645161,0.06194636423668141,0.5331842026415707,0.09999438733919996,0.5287114188520341,0.10589217636274563,0.6158642030012997,0.09060738822240112,0.5696568627450981,0.05835203450845938
Transcript_PFT,bilstm,100,16,0.3,0.0,64,0.001,0.5542338709677419,0.049211723242277405,0.4746880273484894,0.09634572473874327,0.47484337678904476,0.09881028168736937,0.6482812384130515,0.1154561436056363,0.5546813725490196,0.042717114817229215
Transcript_PFT,bilstm,100,16,0.3,0.0,64,0.0005,0.5477822580645161,0.051577057234651086,0.5031778008496102,0.09991913692733007,0.5070043502547008,0.09264656337619177,0.5367439792008758,0.09240230873665736,0.5432598039215686,0.06376642491819161
Transcript_PFT,bilstm,100,16,0.3,0.1,0,0.001,0.572983870967742,0.03926019820850996,0.5386075130213062,0.07782143098430162,0.5421751701691218,0.07043952872532956,0.621664237091182,0.09691063441991099,0.5683088235294118,0.04563183135777265
Transcript_PFT,bilstm,100,16,0.3,0.1,0,0.0005,0.5473790322580645,0.11164968714904071,0.5118659952955626,0.1488505514394169,0.5136417433109741,0.1457604732239033,0.5278715728715728,0.18732376741072418,0.5459313725490196,0.11591344221495936
Transcript_PFT,bilstm,100,16,0.3,0.1,64,0.001,0.5411290322580645,0.03952975612632675,0.4584656088712492,0.11226445872180663,0.46342521596703123,0.1132311406278846,0.4419918947539916,0.17348168554035986,0.5327696078431373,0.033288202940640985
Transcript_PFT,bilstm,100,16,0.3,0.1,64,0.0005,0.5344758064516129,0.08102982856050767,0.5048224314163594,0.08806943280439235,0.5061023045581869,0.08569234630754638,0.5647746259588364,0.15285670395521497,0.5337009803921567,0.08273102693758168
Transcript_PFT,bilstm,100,128,0.3,0.0,0,0.001,0.5862903225806451,0.06137449123029301,0.5419660615442349,0.10488917557788581,0.5412920684171183,0.10827608087990469,0.6477456709956709,0.06953726429737353,0.5880147058823529,0.05785309350588514
Transcript_PFT,bilstm,100,128,0.3,0.0,0,0.0005,0.5538306451612903,0.062008669692757944,0.5016635016719003,0.1168448706171187,0.5051418071326499,0.1151984970331453,0.5021994833123864,0.1483998787019216,0.5483088235294117,0.060816079223494975
Transcript_PFT,bilstm,100,128,0.3,0.0,64,0.001,0.572983870967742,0.06436474173946746,0.5245997070636996,0.09422175262039954,0.5303004139079267,0.08860038478646687,0.6235877492216535,0.11547959891450302,0.5637745098039215,0.06897858568471961
Transcript_PFT,bilstm,100,128,0.3,0.0,64,0.0005,0.5542338709677419,0.08731957017821503,0.5002822958887032,0.11601217870495056,0.5047335368059513,0.1187790117857446,0.5477858711336973,0.12778185251185145,0.5455882352941176,0.08158705007067547
Transcript_PFT,bilstm,100,128,0.3,0.1,0,0.001,0.5409274193548387,0.05264954112374677,0.5044037610977213,0.05766195148551155,0.5081260616952032,0.059030793871222335,0.5469007803790412,0.05832747526940737,0.5342892156862745,0.04630945683122485
Transcript_PFT,bilstm,100,128,0.3,0.1,0,0.0005,0.5602822580645161,0.06984221337035607,0.5375676276694189,0.07167425210585154,0.5408632785024746,0.07095089126335562,0.5725002533698186,0.09191390213823608,0.5544607843137255,0.0698198558557837
Transcript_PFT,bilstm,100,128,0.3,0.1,64,0.001,0.5987903225806451,0.07671894189693727,0.5517160015019754,0.1170303319877869,0.5550769951123256,0.1098333556324013,0.6619404243878297,0.11775609816950362,0.595343137254902,0.08668608656968775
Transcript_PFT,bilstm,100,128,0.3,0.1,64,0.0005,0.5411290322580645,0.07147454667264672,0.4841929525433362,0.13323425455136628,0.47862620036326825,0.13997079887420774,0.5422823833290227,0.19067841662594726,0.5509558823529412,0.06417629011554812
Transcript_PFT,bilstm,200,16,0.3,0.0,0,0.001,0.5473790322580645,0.07806481813124735,0.5370408369198691,0.08392932242976224,0.5390255347513413,0.08408616675248314,0.5445729029424682,0.08154304954940388,0.5441421568627451,0.07659016660905875
Transcript_PFT,bilstm,200,16,0.3,0.0,0,0.0005,0.5669354838709677,0.073216996459152,0.5270680567679166,0.12522214714850619,0.5234764638509379,0.12936149851474193,0.5348048456919425,0.1749993975806348,0.574436274509804,0.06788406018117982
Transcript_PFT,bilstm,200,16,0.3,0.0,64,0.001,0.5665322580645161,0.07079455591161066,0.5443677877849705,0.09595864402990124,0.5462112511311054,0.09181289813904164,0.5651132261956396,0.0826446121300036,0.5649754901960784,0.07697958392529175
Transcript_PFT,bilstm,200,16,0.3,0.0,64,0.0005,0.5344758064516129,0.09744496198647348,0.5153626163108922,0.12477740751285664,0.5134815138513693,0.12816235561776296,0.5223372379254733,0.12097868477811587,0.5383823529411764,0.09254022882965787
Transcript_PFT,bilstm,200,16,0.3,0.1,0,0.001,0.573991935483871,0.08006850279903245,0.5685295127455371,0.07842857087073522,0.5671458435128526,0.07807489729391189,0.5878794743268427,0.08777603243726552,0.5785539215686275,0.08163310222862682
Transcript_PFT,bilstm,200,16,0.3,0.1,0,0.0005,0.5544354838709677,0.09929051695546802,0.5508820446640247,0.09805509020219302,0.5496461516483764,0.09768902587537623,0.5641414141414142,0.10900684775678843,0.5586519607843137,0.10088001269222917
Transcript_PFT,bilstm,200,16,0.3,0.1,64,0.001,0.5800403225806451,0.11078991342515516,0.5350967984768826,0.16708755949132778,0.5295971333909623,0.17471854863410036,0.5492942869555772,0.19885404217839522,0.5899754901960783,0.10031610038830502
Transcript_PFT,bilstm,200,16,0.3,0.1,64,0.0005,0.5663306451612903,0.07622194388395308,0.5286711314619892,0.12531316134967904,0.5329514879063163,0.11720552991508935,0.5159230584946529,0.16048297223689773,0.5613235294117647,0.08355226431845669
Transcript_PFT,bilstm,200,128,0.3,0.0,0,0.001,0.5858870967741935,0.07514443147316771,0.5478494658051308,0.13162848749009248,0.5520089231971482,0.1228792557138253,0.5367839635854341,0.1687795006896254,0.5812745098039216,0.08471964495074652
Transcript_PFT,bilstm,200,128,0.3,0.0,0,0.0005,0.541733870967742,0.04289666909636407,0.5322760784087783,0.04215447015032035,0.5321560867287414,0.04121143413020974,0.5491781514950851,0.049430685621878453,0.5432843137254901,0.04568362161467873
Transcript_PFT,bilstm,200,128,0.3,0.0,64,0.001,0.5856854838709677,0.09604162410847902,0.5589450114313997,0.10529575699691442,0.5629425514184896,0.10339198799675427,0.5990166434872318,0.11357252406365966,0.5783578431372549,0.09753841915750673
Transcript_PFT,bilstm,200,128,0.3,0.0,64,0.0005,0.5725806451612903,0.0998976168457327,0.5143405860226137,0.13853580989394898,0.5181931782162197,0.1328258752981851,0.5451766150516151,0.18867690277233845,0.5680392156862746,0.10314621998658115
Transcript_PFT,bilstm,200,128,0.3,0.1,0,0.001,0.5223790322580645,0.037068822744551984,0.4475579256853271,0.09439866924296636,0.44772348062254785,0.09615809441628759,0.477968377562371,0.1523695949046589,0.5229656862745097,0.0411107303761062
Transcript_PFT,bilstm,200,128,0.3,0.1,0,0.0005,0.5288306451612903,0.062376308404362056,0.49781110979853543,0.11289286940255913,0.4931846834256758,0.12024540504187735,0.4943145880052901,0.15692313918919806,0.5374754901960784,0.05619553409900157
Transcript_PFT,bilstm,200,128,0.3,0.1,64,0.001,0.541733870967742,0.0536722176352878,0.5106445292598851,0.11216689365910225,0.5061621477691969,0.1203013278817884,0.49852311066126853,0.15266043534499799,0.5499754901960785,0.04584450555875756
Transcript_PFT,bilstm,200,128,0.3,0.1,64,0.0005,0.5796370967741935,0.03317436022561358,0.5456528028923046,0.048029142400955335,0.5471513894846334,0.04687614201609782,0.6340831045516203,0.0887424009349485,0.5777450980392157,0.02864065238353082
Transcript_CTD,lstm,100,16,0.3,0.0,0,0.001,0.5899193548387097,0.14773975646371687,0.579407408896573,0.14160893252387638,0.5793097836448979,0.14497946889636756,0.6161627106983144,0.17733995704925054,0.5898529411764707,0.13971744878160622
Transcript_CTD,lstm,100,16,0.3,0.0,0,0.0005,0.6221774193548386,0.04275905013405096,0.5907878802770444,0.06492609061110079,0.5975336870870178,0.05893227115134272,0.6412903918693392,0.05428370411221729,0.6091491596638654,0.049883797710040687
Transcript_CTD,lstm,100,16,0.3,0.0,64,0.001,0.6286290322580645,0.06299233762431466,0.6109027807575902,0.07296670628051513,0.6142676773308763,0.07032071796985866,0.6456549006549006,0.07337358605947551,0.6227941176470588,0.06762912921314042
Transcript_CTD,lstm,100,16,0.3,0.0,64,0.0005,0.5834677419354838,0.05877284133213078,0.5565763724669756,0.08536995843767399,0.5616105114176644,0.08023744707562859,0.590448103016161,0.06175345437803664,0.5754306722689074,0.06521542963572112
Transcript_CTD,lstm,100,16,0.3,0.1,0,0.001,0.6350806451612903,0.13209876815226748,0.619139994555816,0.1552931326201645,0.623471016377023,0.14827083341706143,0.6269091431444374,0.15441077107070644,0.6295798319327732,0.14243922479641713
Transcript_CTD,lstm,100,16,0.3,0.1,0,0.0005,0.5969758064516129,0.08944094670479832,0.5930145261046262,0.09033468619569407,0.5951509580669758,0.08954788787168579,0.5954453144894322,0.09012848909905052,0.5938375350140055,0.09001913239032004
Transcript_CTD,lstm,100,16,0.3,0.1,64,0.001,0.5774193548387097,0.06491810257257453,0.5742795164042629,0.06654594167039447,0.5744170615966074,0.06515550330058917,0.5820675351480304,0.07086141415322235,0.5794047619047619,0.06864885642885622
Transcript_CTD,lstm,100,16,0.3,0.1,64,0.0005,0.5709677419354839,0.14498196809189828,0.5578395918029394,0.15678904581597627,0.557094208542326,0.15966954283048987,0.5690424852924852,0.14785451286131396,0.5729481792717086,0.14016227554388289
Transcript_CTD,lstm,100,128,0.3,0.0,0,0.001,0.5901209677419355,0.0579597649429089,0.5453766997322897,0.12160628485135495,0.552476842321062,0.11346354190326488,0.5375820707070706,0.1610655830929144,0.5788515406162464,0.06609913406572816
Transcript_CTD,lstm,100,128,0.3,0.0,0,0.0005,0.6159274193548387,0.122158953411296,0.582778454321104,0.17101799300893258,0.577020652931753,0.18392120759686,0.5824066988528187,0.21838237446046932,0.6249264705882352,0.1029538536778509
Transcript_CTD,lstm,100,128,0.3,0.0,64,0.001,0.6411290322580644,0.02452726826733151,0.629592035767462,0.02860502880249058,0.6327947204622407,0.026101143992153804,0.6491990788410227,0.03433399222353738,0.6348669467787115,0.027944430323971797
Transcript_CTD,lstm,100,128,0.3,0.0,64,0.0005,0.6088709677419354,0.0625974786139517,0.5989813029034385,0.05801706172486988,0.5992546893233768,0.060001791220481694,0.6281740759240759,0.07812676854059276,0.6096813725490196,0.06064003621547837
Transcript_CTD,lstm,100,128,0.3,0.1,0,0.001,0.6034274193548387,0.08913137489186658,0.5544720657588179,0.14977225131163757,0.5551380980317827,0.1572563815111019,0.5614492853637589,0.18897173073360035,0.6009138655462184,0.08025168875254117
Transcript_CTD,lstm,100,128,0.3,0.1,0,0.0005,0.5838709677419355,0.10601081758164507,0.5736647990674713,0.0999777241873996,0.5751377364546332,0.10089072453178119,0.5966168210575264,0.11309599532750791,0.5815686274509805,0.10175630390293729
Transcript_CTD,lstm,100,128,0.3,0.1,64,0.001,0.5897177419354838,0.047763539276137634,0.5787375093943858,0.06164160813668533,0.5811855726620598,0.05702400069487719,0.5907682595182594,0.05692424180578855,0.5867331932773109,0.05562823679763049
Transcript_CTD,lstm,100,128,0.3,0.1,64,0.0005,0.603024193548387,0.048220900737647475,0.5981797070287206,0.04750186651889074,0.598887275956095,0.04811639129693169,0.6082423132423133,0.04889070364995863,0.6031337535014006,0.04702552858099104
Transcript_CTD,lstm,200,16,0.3,0.0,0,0.001,0.5703629032258065,0.1245773617302565,0.5513953774234303,0.1506542887742059,0.5479673496014824,0.15923103203026542,0.5614342139342139,0.14893119671176738,0.5763410364145658,0.11231599848053873
Transcript_CTD,lstm,200,16,0.3,0.0,0,0.0005,0.5830645161290322,0.04801605047291678,0.5768884557218473,0.04355134914887044,0.5789039130083272,0.04513532383286413,0.5852193381953443,0.050075842987015354,0.5799369747899159,0.045148280997817467
Transcript_CTD,lstm,200,16,0.3,0.0,64,0.001,0.615524193548387,0.07788758149536208,0.6118707046868893,0.07961309214708195,0.6138501861655365,0.07867133740142226,0.6140622612681436,0.07873834417209524,0.6126855742296918,0.07894057200082874
Transcript_CTD,lstm,200,16,0.3,0.0,64,0.0005,0.6348790322580644,0.03961321598725955,0.6122344669403494,0.055088840254867606,0.6108527593394767,0.05914984260111184,0.6904194986300249,0.05611745834082569,0.63937324929972,0.030379513087539396
Transcript_CTD,lstm,200,16,0.3,0.1,0,0.001,0.5834677419354839,0.10108429452380648,0.5719988057919092,0.11326583546252664,0.5690973722889905,0.11843971022575689,0.5950599349051361,0.09247620347087528,0.5900035014005602,0.09259283062663431
Transcript_CTD,lstm,200,16,0.3,0.1,0,0.0005,0.6094758064516129,0.09724453076810033,0.5966012247343568,0.10484010818807678,0.5960493405877685,0.10620209399690922,0.6228498168498169,0.08830322842195731,0.6120658263305322,0.09208572839117717
Transcript_CTD,lstm,200,16,0.3,0.1,64,0.001,0.6094758064516129,0.11669974151477365,0.5974064633990553,0.1286168413419476,0.6002691733958004,0.12395619792849451,0.6109728867623605,0.13406141176487643,0.6060609243697479,0.12298704382059156
Transcript_CTD,lstm,200,16,0.3,0.1,64,0.0005,0.6544354838709677,0.06067845045513109,0.6232318149890739,0.0834004697351307,0.6293228755503398,0.07860369221281718,0.6835190379795644,0.06597838445882381,0.642125350140056,0.06902449008329707
Transcript_CTD,lstm,200,128,0.3,0.0,0,0.001,0.5961693548387096,0.027969022043480125,0.5911639059136279,0.027074517069376077,0.5899797032416609,0.02505487779222946,0.610132768418372,0.04600027859353684,0.6014495798319328,0.0367888147075761
Transcript_CTD,lstm,200,128,0.3,0.0,0,0.0005,0.5893145161290322,0.0647817741716627,0.5685974496268613,0.06651412851869362,0.570118044743282,0.06742020897339768,0.6277309751651856,0.10852581390362333,0.5874964985994398,0.060687401363657904
Transcript_CTD,lstm,200,128,0.3,0.0,64,0.001,0.5834677419354838,0.037055113352927896,0.5733856603542729,0.04242251453860522,0.5750350191942903,0.04118910365653474,0.5881753886285115,0.03793935831129619,0.5816561624649859,0.038526500423426806
Transcript_CTD,lstm,200,128,0.3,0.0,64,0.0005,0.583266129032258,0.06868019822329922,0.5168859974834488,0.10096848950455974,0.5266458440682704,0.09396339527256029,0.6070782920782921,0.14692510011016327,0.5664320728291317,0.07659322488990584
Transcript_CTD,lstm,200,128,0.3,0.1,0,0.001,0.621774193548387,0.014084071932720134,0.6059313663255368,0.004086228991646671,0.6082497066776649,0.005450956361065355,0.6420699475962633,0.042955135741176986,0.6178921568627451,0.011594652825529484
Transcript_CTD,lstm,200,128,0.3,0.1,0,0.0005,0.5836693548387096,0.04646947811135529,0.5349333600540497,0.11092949729574596,0.5433563979086783,0.09692815010678332,0.5343981698251147,0.15478070189889687,0.5714215686274511,0.0606870985919213
Transcript_CTD,lstm,200,128,0.3,0.1,64,0.001,0.583266129032258,0.10217717270892146,0.5806825498482896,0.105143307704856,0.57933137856664,0.10618142250393332,0.5887539799381905,0.10285329643968597,0.5879866946778711,0.09998369343515029
Transcript_CTD,lstm,200,128,0.3,0.1,64,0.0005,0.5901209677419355,0.053282670626329166,0.5813532492753849,0.04992943584158443,0.5802722474274199,0.05350092324763411,0.6050595238095239,0.05241729664460332,0.5937920168067226,0.044519851341654815
Transcript_CTD,bilstm,100,16,0.3,0.0,0,0.001,0.6346774193548387,0.04801605047291676,0.6299270832974605,0.05111099772422158,0.6312603672696758,0.0506803887570821,0.6375467914438502,0.04688025363155718,0.6332808123249299,0.049038903952733824
Transcript_CTD,bilstm,100,16,0.3,0.0,0,0.0005,0.6348790322580645,0.055947126560203175,0.6264135036057744,0.060906928951113576,0.6273525174983883,0.0613519198029388,0.6430008227067051,0.04961116776729125,0.6342542016806723,0.05420547428892174
Transcript_CTD,bilstm,100,16,0.3,0.0,64,0.001,0.6423387096774194,0.13241839711256348,0.6205974740457499,0.15609512343496493,0.6211529574738697,0.16070294643448593,0.6456413319783222,0.14410216257475914,0.640248599439776,0.12442746645988816
Transcript_CTD,bilstm,100,16,0.3,0.0,64,0.0005,0.6088709677419355,0.15559501114173174,0.5902737194155959,0.1616388537667432,0.5889767619727204,0.16732859002383527,0.6310624882364012,0.17840252495001505,0.6101785714285715,0.14353063774508273
Transcript_CTD,bilstm,100,16,0.3,0.1,0,0.001,0.6411290322580645,0.13524604702619694,0.6352093812041957,0.1362245642109351,0.6363941660697042,0.13676662646300491,0.645601752964285,0.13302364006837308,0.6393137254901962,0.13251418214779837
Transcript_CTD,bilstm,100,16,0.3,0.1,0,0.0005,0.6929435483870968,0.1124062000564659,0.6863863889169786,0.11451238994458221,0.6884438096201166,0.11389483539376018,0.6990200918717543,0.11129084405488879,0.6890826330532213,0.11292719277109742
Transcript_CTD,bilstm,100,16,0.3,0.1,64,0.001,0.6225806451612903,0.11267257546176118,0.6052306643660599,0.13748434434089443,0.6021547369074033,0.14248176351692157,0.6418799703789562,0.09534701295164001,0.6297759103641456,0.10418368340751492
Transcript_CTD,bilstm,100,16,0.3,0.1,64,0.0005,0.6862903225806452,0.09018206235414808,0.6786008666789599,0.09839242085742722,0.6813377658677991,0.09535325805804987,0.6876937949092681,0.09027428607660602,0.6815231092436975,0.09491099541198875
Transcript_CTD,bilstm,100,128,0.3,0.0,0,0.001,0.6217741935483871,0.06986403474375338,0.57437859523482,0.1354798152144576,0.5807561974135597,0.12186088997678175,0.5993473555430077,0.1918117606127962,0.6136764705882353,0.08584830421449915
Transcript_CTD,bilstm,100,128,0.3,0.0,0,0.0005,0.6538306451612902,0.02678114586184198,0.632662946489913,0.039914522581926695,0.6371087919018118,0.036182023296296106,0.6767966936445198,0.04100520413852104,0.6444887955182073,0.03386899576584652
Transcript_CTD,bilstm,100,128,0.3,0.0,64,0.001,0.6409274193548387,0.028085046485776366,0.6195228321200748,0.039419515277137704,0.6230339376882517,0.03692634702516279,0.6660024154589371,0.03961768941431905,0.6342682072829132,0.03148333919592135
Transcript_CTD,bilstm,100,128,0.3,0.0,64,0.0005,0.5895161290322581,0.08146758067693406,0.5493386838898905,0.11249909262496087,0.5564144718332965,0.10646587737360835,0.5932887854431804,0.10034316924529059,0.5776435574229691,0.09033918964553302
Transcript_CTD,bilstm,100,128,0.3,0.1,0,0.001,0.6542338709677419,0.10345806940683853,0.6059473854732474,0.1698136400418994,0.6126620791081303,0.15724933865600613,0.6182799938834096,0.20754152098970896,0.6460049019607844,0.11852250360997342
Transcript_CTD,bilstm,100,128,0.3,0.1,0,0.0005,0.5893145161290322,0.05134008351510727,0.5806091393357946,0.05287744295729316,0.5801088967939562,0.055449902829152756,0.5994910571884257,0.045348326501660395,0.5918452380952381,0.04495819009994099
Transcript_CTD,bilstm,100,128,0.3,0.1,64,0.001,0.6284274193548386,0.04617111561651581,0.6186840515360743,0.05199523305704358,0.6197698012771207,0.05055982267170267,0.6391259901089623,0.046680497751537105,0.6279236694677871,0.04678361050251816
Transcript_CTD,bilstm,100,128,0.3,0.1,64,0.0005,0.6850806451612903,0.09439704735545322,0.6617189175888866,0.11573311815469527,0.6663487360523713,0.11075522836609937,0.7095517445517445,0.09215506871581533,0.6759138655462185,0.10039707026797766
Transcript_CTD,bilstm,200,16,0.3,0.0,0,0.001,0.6282258064516129,0.053524333890468116,0.6257016694836495,0.05218877583957275,0.626367404379084,0.05277391273726499,0.631604983423869,0.05425570952076681,0.6282317927170868,0.05064357068412448
Transcript_CTD,bilstm,200,16,0.3,0.0,0,0.0005,0.6350806451612903,0.07404986964599579,0.6305421747510997,0.07437944830857578,0.6323491287479052,0.07391510456782302,0.6368027139698966,0.07575987249284973,0.632328431372549,0.0741366065010462
Transcript_CTD,bilstm,200,16,0.3,0.0,64,0.001,0.6548387096774193,0.10175361481024195,0.6458986111927288,0.10207298659280195,0.6487926873885128,0.10138835763933009,0.6617665610888117,0.10531259891499282,0.6490336134453781,0.1020632073033633
Transcript_CTD,bilstm,200,16,0.3,0.0,64,0.0005,0.6217741935483871,0.052913305491368544,0.6180812162844488,0.0547451881992322,0.618603313225606,0.054741529870784074,0.6258107900871058,0.05102187114394829,0.6223879551820728,0.052362695281702565
Transcript_CTD,bilstm,200,16,0.3,0.1,0,0.001,0.6675403225806452,0.08074716331521954,0.6608584201758203,0.07942269294177375,0.6631288187203186,0.07921497255238415,0.6747157812947286,0.08652814117579265,0.662892156862745,0.07985840830055138
Transcript_CTD,bilstm,200,16,0.3,0.1,0,0.0005,0.6725806451612903,0.08826869866136858,0.6699047414158976,0.08935052134757504,0.6713856859695373,0.08867240546100785,0.6730342069351358,0.0908561481417856,0.6704516806722689,0.08896051338722152
Transcript_CTD,bilstm,200,16,0.3,0.1,64,0.001,0.6610887096774193,0.10849790472808686,0.6343440520352285,0.13638671344986247,0.6401008212061343,0.12896498151127514,0.6748840852130326,0.10783001612497947,0.6514425770308122,0.1182892930005449
Transcript_CTD,bilstm,200,16,0.3,0.1,64,0.0005,0.6542338709677419,0.13018090675421906,0.6515244785311199,0.131208207015662,0.6528767816338974,0.13045423473317105,0.6549786324786325,0.13115377718282492,0.6527556022408962,0.13069729831109075
Transcript_CTD,bilstm,200,128,0.3,0.0,0,0.001,0.6149193548387096,0.05428593555579138,0.5996422558361918,0.05472333313927026,0.6026055942349218,0.054116003620547116,0.627050238408934,0.06331582145505871,0.6095378151260504,0.05462846592962113
Transcript_CTD,bilstm,200,128,0.3,0.0,0,0.0005,0.6217741935483871,0.05762038928353632,0.6055750867221456,0.06349025145842647,0.6096891609794836,0.06097529421342657,0.630693913929208,0.06653206608696398,0.6140126050420168,0.05927525574141893
Transcript_CTD,bilstm,200,128,0.3,0.0,64,0.001,0.6671370967741935,0.04333739583467758,0.6558491855550679,0.04525361915108069,0.6583137666391936,0.04366896995505674,0.6843509560614824,0.05996819762469381,0.6625350140056022,0.04676884473689129
Transcript_CTD,bilstm,200,128,0.3,0.0,64,0.0005,0.7056451612903226,0.053036074346636715,0.6927659678805396,0.0683368154896193,0.6960172302519355,0.06533224812517212,0.7178393175451999,0.042630029614511525,0.6985644257703081,0.05958343734440689
Transcript_CTD,bilstm,200,128,0.3,0.1,0,0.001,0.6606854838709677,0.09035430210537296,0.6243936516255222,0.13675607531534625,0.6306107746340672,0.12634637788004227,0.7136111618560468,0.09195673382432869,0.6514810924369747,0.10346335062990888
Transcript_CTD,bilstm,200,128,0.3,0.1,0,0.0005,0.6600806451612903,0.06381295222764985,0.6488255279815383,0.07334978258619651,0.6524864470728055,0.06997233980554078,0.6628072220177484,0.0674641353533597,0.6528221288515406,0.06933220208647092
Transcript_CTD,bilstm,200,128,0.3,0.1,64,0.001,0.6600806451612903,0.071502976150193,0.6559352629940867,0.07213667112117601,0.6579830552292603,0.07186768462827677,0.6603013945119208,0.07357649089103095,0.6562850140056022,0.07155203070372888
Transcript_CTD,bilstm,200,128,0.3,0.1,64,0.0005,0.6735887096774194,0.08009007554193075,0.6624737855945286,0.08320551031963647,0.6654199997960609,0.08154763061208525,0.6869326614218255,0.09283877125695698,0.6674859943977591,0.08172149211743353
Transcript_SFT,lstm,100,16,0.3,0.0,0,0.001,0.5395698924731184,0.05081370489272972,0.49210092162099206,0.1083883130356304,0.49756140625830597,0.09954561607173541,0.5001598883572568,0.14469733440434165,0.5316666666666666,0.0625936797927714
Transcript_SFT,lstm,100,16,0.3,0.0,0,0.0005,0.5481720430107526,0.16275393279662312,0.5187238447826683,0.17695375325397208,0.5159788878631384,0.17885101626249178,0.5645373491199261,0.17906092770008597,0.5540476190476191,0.16231218978544973
Transcript_SFT,lstm,100,16,0.3,0.0,64,0.001,0.5206451612903226,0.11340237842946907,0.5070730795224677,0.11274555953671235,0.508188541025026,0.11300179799009066,0.5252951950010774,0.12031490979894181,0.5188690476190476,0.11283051725301432
Transcript_SFT,lstm,100,16,0.3,0.0,64,0.0005,0.5137634408602151,0.06505331911338527,0.48143321283027163,0.07557281533636284,0.4828553057443,0.07578129458388608,0.5584812134148901,0.13051615528157964,0.5116071428571429,0.06551236825204022
Transcript_SFT,lstm,100,16,0.3,0.1,0,0.001,0.5733333333333334,0.09016691655363868,0.5207383416184016,0.13691854599256406,0.5242516051277961,0.13439704155560528,0.5431442904921167,0.18293913895398278,0.5673809523809524,0.09111921987553241
Transcript_SFT,lstm,100,16,0.3,0.1,0,0.0005,0.5273118279569893,0.08475069367634583,0.5048633096056213,0.10209335816278618,0.505672904183902,0.10066721571242648,0.522323593073593,0.10190703933626218,0.5267857142857142,0.086674873286882
Transcript_SFT,lstm,100,16,0.3,0.1,64,0.001,0.45354838709677414,0.13604679096866215,0.38128353105199164,0.14950425510201398,0.38350969338453694,0.14769923831882445,0.349526247191782,0.17531184265344507,0.4508928571428571,0.138851646083802
Transcript_SFT,lstm,100,16,0.3,0.1,64,0.0005,0.5273118279569893,0.1526230362354678,0.4793760050915224,0.1856251635903926,0.4760742128553585,0.19016868806516463,0.47328765352294766,0.2066429037686873,0.5325,0.1510495687588092
Transcript_SFT,lstm,100,128,0.3,0.0,0,0.001,0.5541935483870967,0.1374191865649263,0.4865029692218942,0.18561787029549057,0.48828547190025356,0.187478444874751,0.48530677778924625,0.24256910855659605,0.5503571428571429,0.13157562727044084
Transcript_SFT,lstm,100,128,0.3,0.0,0,0.0005,0.567741935483871,0.15085795413659994,0.5304551897324268,0.1758887198647446,0.5323062022127077,0.17702275991755795,0.5652314814814814,0.2097547039723123,0.5632738095238096,0.14564151622104712
Transcript_SFT,lstm,100,128,0.3,0.0,64,0.001,0.5795698924731182,0.11767440494787222,0.5389003642017625,0.14661589697403257,0.541998633685656,0.1440605854627423,0.6231111111111112,0.14461560372071253,0.5747619047619048,0.12042201427525137
Transcript_SFT,lstm,100,128,0.3,0.0,64,0.0005,0.6066666666666667,0.15185369424550224,0.5645862301654985,0.1873244090256405,0.5675212068288387,0.18500977834137503,0.6080595238095238,0.1616136190932473,0.6019047619047619,0.15543788382649207
Transcript_SFT,lstm,100,128,0.3,0.1,0,0.001,0.546236559139785,0.06173672558476848,0.4510588248280351,0.10092840262695753,0.45305446474193517,0.09794258152367284,0.5884419075548106,0.21895790875805743,0.5439880952380952,0.05881738548763372
Transcript_SFT,lstm,100,128,0.3,0.1,0,0.0005,0.5602150537634408,0.09431768713801457,0.48152995279316535,0.14907534842764783,0.4834135581913694,0.15198935029031865,0.496896547118146,0.2513152104369006,0.5557142857142857,0.08454225150922723
Transcript_SFT,lstm,100,128,0.3,0.1,64,0.001,0.5533333333333333,0.07005605340417499,0.4688780260669866,0.13791002786722253,0.46918715001419536,0.13681441728200447,0.5519777086989711,0.1932734292238387,0.5538690476190476,0.06979594996501787
Transcript_SFT,lstm,100,128,0.3,0.1,64,0.0005,0.49376344086021506,0.08646191026246322,0.40948340634429303,0.12816608424075465,0.4088449682929034,0.12907106545913657,0.3883503037563104,0.15971075738382107,0.495297619047619,0.08266965737540524
Transcript_SFT,lstm,200,16,0.3,0.0,0,0.001,0.5660215053763441,0.08989465964310982,0.5183822243992837,0.13599737519747185,0.5242257738273907,0.12875677943334557,0.5115927128427129,0.16497649577078305,0.5570833333333333,0.09482714537515088
Transcript_SFT,lstm,200,16,0.3,0.0,0,0.0005,0.553763440860215,0.107152574313389,0.5095157046190286,0.1432302617404057,0.5126118818264107,0.14012051527854638,0.5372390572390572,0.14374157700774312,0.5493452380952382,0.11218805169332324
Transcript_SFT,lstm,200,16,0.3,0.0,64,0.001,0.5858064516129031,0.07277512772983874,0.5372159891763706,0.12516352078504822,0.5366483953752168,0.13055387980118044,0.5710677334176785,0.206241703420626,0.5858928571428571,0.06430348630004547
Transcript_SFT,lstm,200,16,0.3,0.0,64,0.0005,0.513978494623656,0.10518140845889616,0.45057939251608836,0.15292247069551532,0.45328089828766804,0.14889093900210293,0.43395417306707634,0.1936643074233456,0.510952380952381,0.10685609773701624
Transcript_SFT,lstm,200,16,0.3,0.1,0,0.001,0.5608602150537634,0.12504733755067302,0.5473770631155542,0.128558636849363,0.54688124265985,0.13067115964318335,0.5710826754944403,0.14342292156742334,0.5617261904761903,0.12150834797707485
Transcript_SFT,lstm,200,16,0.3,0.1,0,0.0005,0.5475268817204301,0.17700897471683202,0.5208467897813213,0.1868476582560565,0.5235065250382654,0.18660012957650957,0.5512972582972583,0.21794968356119235,0.5417261904761904,0.1742152696399973
Transcript_SFT,lstm,200,16,0.3,0.1,64,0.001,0.6129032258064516,0.14335192548553127,0.5888260526191561,0.17319860595163544,0.5888600587673631,0.17367642062785657,0.6057528310469487,0.16212350628172792,0.6130952380952381,0.14211971749716476
Transcript_SFT,lstm,200,16,0.3,0.1,64,0.0005,0.5210752688172043,0.1264700813080526,0.4897309534310792,0.1541500954100937,0.48790220299082804,0.15632900826179472,0.5144824823962326,0.139498751325011,0.5245238095238095,0.1268130629457134
Transcript_SFT,lstm,200,128,0.3,0.0,0,0.001,0.5204301075268817,0.10166551519565364,0.46753649576230216,0.13046013133319528,0.47110932078674017,0.12992312705257372,0.4955952380952381,0.19114586519212326,0.5140476190476191,0.09832682044902355
Transcript_SFT,lstm,200,128,0.3,0.0,0,0.0005,0.5070967741935484,0.14824404823769596,0.4690891954163067,0.16560653135960735,0.4728899862155105,0.16462300331352436,0.4822123914383976,0.16514164105777906,0.5008333333333332,0.14814096843134844
Transcript_SFT,lstm,200,128,0.3,0.0,64,0.001,0.58,0.10194546478063556,0.5486257871583959,0.10928314798904423,0.5513647108107136,0.10927929877323156,0.603879117259552,0.1371270380809216,0.5744642857142856,0.10068531997911638
Transcript_SFT,lstm,200,128,0.3,0.0,64,0.0005,0.5929032258064517,0.07360134545614025,0.5414976921942867,0.10320290266997206,0.540352077098307,0.1086219432087979,0.6781055900621118,0.0842310102690901,0.5941071428571428,0.06241824301161958
Transcript_SFT,lstm,200,128,0.3,0.1,0,0.001,0.4879569892473118,0.1200825437768595,0.4609793684576293,0.13444967072048494,0.4624053205326697,0.13086798343727118,0.47940821256038646,0.15762458661229214,0.48738095238095236,0.12727983998746056
Transcript_SFT,lstm,200,128,0.3,0.1,0,0.0005,0.5544086021505377,0.16771194934625452,0.49503695271137127,0.2153981576473349,0.49585587539075904,0.21687712458719122,0.49440648723257413,0.2802122572773159,0.5516666666666666,0.16355427233796124
Transcript_SFT,lstm,200,128,0.3,0.1,64,0.001,0.5933333333333334,0.13438580451820972,0.5274042349803219,0.20172315389950296,0.5300850416635831,0.2001385320343915,0.5136773559998712,0.2610418570883884,0.5883928571428572,0.13424961520866072
Transcript_SFT,lstm,200,128,0.3,0.1,64,0.0005,0.5929032258064516,0.10992645141011681,0.5473215044157963,0.1541580487420672,0.548212791212087,0.153103648430696,0.5987479871175523,0.11363458297137811,0.5922023809523809,0.11149327524640247
Transcript_SFT,bilstm,100,16,0.3,0.0,0,0.001,0.5929032258064517,0.08934959807620162,0.5745849059518958,0.11412369067043117,0.5736885185301647,0.11700925345618073,0.5941440430914116,0.09882372752375582,0.5947619047619048,0.08523047776217825
Transcript_SFT,bilstm,100,16,0.3,0.0,0,0.0005,0.6526881720430107,0.11878435784006248,0.6111313107182672,0.17732291325243693,0.6096415023966216,0.1821210325292907,0.6280561557853578,0.22785813348942247,0.6542857142857142,0.11132018665505414
Transcript_SFT,bilstm,100,16,0.3,0.0,64,0.001,0.5995698924731182,0.11781089942806239,0.5810939473982952,0.13032941854189112,0.581735765178963,0.13240009636804387,0.6043903318903319,0.1243193764623698,0.5978571428571429,0.11420806669042922
Transcript_SFT,bilstm,100,16,0.3,0.0,64,0.0005,0.6197849462365591,0.18610011391485304,0.6132076520113605,0.18332687269673867,0.6137168842402321,0.18390014987636336,0.6357862235803412,0.1962935023839041,0.6188095238095237,0.18510545808334475
Transcript_SFT,bilstm,100,16,0.3,0.1,0,0.001,0.5864516129032258,0.12327571283866745,0.5586538267516529,0.1457048332510943,0.5611830164985845,0.14408476649680646,0.5873863636363637,0.15814777259008933,0.5817261904761903,0.12317323045023412
Transcript_SFT,bilstm,100,16,0.3,0.1,0,0.0005,0.5929032258064516,0.09996993420147822,0.583633436280495,0.10293908985042262,0.5854801021594191,0.10258384589763458,0.5954970760233917,0.10819754597437953,0.5891666666666666,0.09975447288774128
Transcript_SFT,bilstm,100,16,0.3,0.1,64,0.001,0.6064516129032258,0.10586620832000003,0.59152282429584,0.11940274042182572,0.5925138102341531,0.11862963247776348,0.6117701304543409,0.1021887892602826,0.6051785714285715,0.10664974156219717
Transcript_SFT,bilstm,100,16,0.3,0.1,64,0.0005,0.6253763440860215,0.08051099951494287,0.5985277220421532,0.11634635535959653,0.6000251209477836,0.11396328530949619,0.6403539927676757,0.06820623947398169,0.6235714285714286,0.0849287645845321
Transcript_SFT,bilstm,100,128,0.3,0.0,0,0.001,0.6062365591397849,0.07737603327951348,0.5881325424803685,0.09037516845325844,0.5873593729975217,0.09167595360246113,0.6345483658641553,0.08921078443149402,0.6085119047619048,0.07699180997908074
Transcript_SFT,bilstm,100,128,0.3,0.0,0,0.0005,0.5997849462365591,0.09669769975633473,0.5707277631392561,0.11809240535696963,0.5699096734060582,0.12079968649928623,0.6297222222222222,0.09857980723790104,0.6013095238095237,0.09290902091724172
Transcript_SFT,bilstm,100,128,0.3,0.0,64,0.001,0.5864516129032258,0.13913745822455065,0.5585194805194804,0.18080447253699974,0.5599283270492947,0.1774134293734206,0.5539571213100626,0.2068755882015458,0.5855357142857143,0.1426493714781337
Transcript_SFT,bilstm,100,128,0.3,0.0,64,0.0005,0.6324731182795699,0.10304756116112422,0.6230017278666362,0.10624627307871035,0.6234258324673114,0.10750461284130292,0.6429161035043387,0.10514923965236167,0.6316071428571429,0.10019521054132029
Transcript_SFT,bilstm,100,128,0.3,0.1,0,0.001,0.632258064516129,0.09049842074702794,0.5934115037321791,0.1556533182105899,0.5956645477851545,0.15110915797107138,0.5875544616673649,0.1942126501857309,0.6296428571428571,0.09617507832910756
Transcript_SFT,bilstm,100,128,0.3,0.1,0,0.0005,0.6718279569892474,0.06862961664080322,0.6631079638138463,0.07163845549704959,0.664638098556884,0.07092744021158774,0.6840009113693324,0.07878153577887757,0.6683928571428571,0.07009430904049163
Transcript_SFT,bilstm,100,128,0.3,0.1,64,0.001,0.63247311827957,0.11331823367612937,0.6100878324573976,0.13846640061970752,0.6117153902665825,0.1361345063492823,0.6380917874396135,0.1266536743872102,0.6301785714285715,0.11636668795561572
Transcript_SFT,bilstm,100,128,0.3,0.1,64,0.0005,0.6393548387096775,0.11508792578939082,0.6247054555750208,0.11951410642334086,0.6238463736149571,0.12070715070818586,0.6701087148145972,0.12229476735733459,0.6418452380952381,0.11313000718676325
Transcript_SFT,bilstm,200,16,0.3,0.0,0,0.001,0.666236559139785,0.12800351553155867,0.6467213397011439,0.1544444540270572,0.6455200993436506,0.1573128411862979,0.6862303382891618,0.11320604251744495,0.6685119047619048,0.12323268783676644
Transcript_SFT,bilstm,200,16,0.3,0.0,0,0.0005,0.6393548387096775,0.10632554716256853,0.6303737095747483,0.10905365307453688,0.6305013547877825,0.10983519628184507,0.6526977853064809,0.10585013929588467,0.6392857142857142,0.10430709072335431
Transcript_SFT,bilstm,200,16,0.3,0.0,64,0.001,0.6255913978494624,0.11630412924666197,0.6227905414559703,0.11509556285052529,0.6227982094188828,0.11586952977165846,0.6319682033652623,0.1214036697167644,0.6259523809523809,0.11498526444831716
Transcript_SFT,bilstm,200,16,0.3,0.0,64,0.0005,0.6520430107526882,0.12725614518997266,0.645588355940534,0.1286986148097082,0.6461121116313551,0.12959866631311315,0.6622148366769111,0.13634254868161097,0.6504761904761904,0.12424705913426981
Transcript_SFT,bilstm,200,16,0.3,0.1,0,0.001,0.6589247311827957,0.0986713679261709,0.6509972989114063,0.10584580197572416,0.6524145750364898,0.10506423331538405,0.662214903035673,0.0962815956588613,0.6560119047619047,0.10005875364424145
Transcript_SFT,bilstm,200,16,0.3,0.1,0,0.0005,0.646236559139785,0.1334460155139086,0.6420210270583234,0.13660326036699244,0.6423841185314718,0.13655838864787906,0.6485204488493962,0.13273342311120406,0.6460119047619048,0.1334849796640745
Transcript_SFT,bilstm,200,16,0.3,0.1,64,0.001,0.6068817204301075,0.16237734059889622,0.5990215119910918,0.16741428448077905,0.5991693974681837,0.1696796316873801,0.6107643663526016,0.1770799194678195,0.6054761904761905,0.1572454965575858
Transcript_SFT,bilstm,200,16,0.3,0.1,64,0.0005,0.6453763440860214,0.07447507752213077,0.6224059945013293,0.10859211844104107,0.6217574541157476,0.11209937169220398,0.6909064726242051,0.06329201266034123,0.6463095238095238,0.0686160698149353
Transcript_SFT,bilstm,200,128,0.3,0.0,0,0.001,0.6787096774193548,0.09480188493369295,0.6752127175656588,0.09588659923301303,0.675679609588528,0.09588845686216516,0.6843738287855936,0.09597706246353094,0.6780357142857143,0.0945151129500659
Transcript_SFT,bilstm,200,128,0.3,0.0,0,0.0005,0.6326881720430106,0.1201335634701287,0.6256749722727983,0.11612138579536939,0.6258950813751655,0.11673057711747725,0.6515563976786887,0.13314206959432628,0.6325595238095237,0.11900252121988568
Transcript_SFT,bilstm,200,128,0.3,0.0,64,0.001,0.632258064516129,0.12013933791921176,0.6040506513068505,0.16216749411866008,0.6057950620011757,0.1591840149237466,0.6235761270320094,0.15266731854447232,0.6301785714285715,0.12493985939864546
Transcript_SFT,bilstm,200,128,0.3,0.0,64,0.0005,0.646236559139785,0.13265087222549737,0.6386688704579171,0.13158671144345072,0.63967363724558,0.13157853667114616,0.6602189966895848,0.14246332190569816,0.6439285714285714,0.13199960059721064
Transcript_SFT,bilstm,200,128,0.3,0.1,0,0.001,0.6449462365591397,0.12733516569008102,0.6366342323989382,0.13066309756270592,0.6368548678894029,0.1320332239038315,0.6558491800597064,0.1341993833907492,0.6442261904761905,0.12437923382417715
Transcript_SFT,bilstm,200,128,0.3,0.1,0,0.0005,0.6460215053763441,0.11150024355416134,0.6098715698508947,0.1732049224816445,0.6079252331114304,0.17773033860702994,0.6055872495625816,0.211481319452127,0.6493452380952381,0.10534293353198741
Transcript_SFT,bilstm,200,128,0.3,0.1,64,0.001,0.6068817204301075,0.1403557411483523,0.5926204030273524,0.1472040224734056,0.5914250510776732,0.1488530213108921,0.6268169330669331,0.14467613165226909,0.6097023809523809,0.13796618816204104
Transcript_SFT,bilstm,200,128,0.3,0.1,64,0.0005,0.6458064516129032,0.11246098744178394,0.6402655777949896,0.11136304241585941,0.6400597105644545,0.11223909668505448,0.6587015667511024,0.11523430522296858,0.6464285714285715,0.11011965089924841
