transcript_col,model_type,embedding_dim,lstm_units,dropout,recurrent_dropout,dense_units,learning_rate,mean_accuracy,std_accuracy,mean_macro_f1,std_macro_f1,mean_weighted_f1,std_weighted_f1,mean_precision_macro,std_precision_macro,mean_recall_macro,std_recall_macro,mean_precision_weighted,std_precision_weighted,mean_recall_weighted,std_recall_weighted
Transcript_PFT,lstm,100,64,0.3,0.0,0,0.001,0.4711693548387097,0.06604045995991367,0.30478682832683046,0.09324808203855042,0.36969953208064255,0.08118608941334383,0.32275039178264986,0.14647635478097143,0.3980392156862745,0.0696822150175481,0.38963590303210494,0.1737961194378219,0.4711693548387097,0.06604045995991367
Transcript_PFT,lstm,100,64,0.3,0.0,64,0.001,0.4129032258064516,0.12393799639776583,0.27310126079094726,0.07831099321279876,0.361131349259372,0.10342065330378496,0.26844364789491293,0.07859471096383681,0.31016042780748665,0.09125502085550578,0.35400200124721176,0.11154593247931718,0.4129032258064516,0.12393799639776583
Transcript_PFT,lstm,100,128,0.3,0.0,0,0.001,0.47036290322580643,0.10912753519898459,0.25353989337413385,0.0719322771169343,0.3656901536542599,0.1151082371615466,0.27639984070091594,0.1443803512128254,0.32256387403446224,0.05354475831457722,0.37574946043858626,0.1869620559525744,0.47036290322580643,0.10912753519898459
Transcript_PFT,lstm,100,128,0.3,0.0,64,0.001,0.39455645161290326,0.07253470768493249,0.23081368304897715,0.04603259355105932,0.30740086826519464,0.060502319295356134,0.19799123878071248,0.059180155079180445,0.29493464052287577,0.045327309844377744,0.2608227979222249,0.06300868388659857,0.39455645161290326,0.07253470768493249
Transcript_PFT,lstm,200,64,0.3,0.0,0,0.001,0.47036290322580643,0.10912753519898459,0.3208005121240415,0.12422099050841286,0.4078490952832746,0.12833369383959953,0.3595526695526695,0.1987859985615142,0.3567364824717766,0.08958366639195219,0.4186009722804078,0.1672708909160224,0.47036290322580643,0.10912753519898459
Transcript_PFT,lstm,200,64,0.3,0.0,64,0.001,0.40625,0.1236431298908223,0.24870124741394034,0.07828493400890947,0.313251627098243,0.10878593644792214,0.2542660085013026,0.10972236464761477,0.326232917409388,0.073816245696746,0.31995886494119413,0.13342354195268596,0.40625,0.1236431298908223
Transcript_PFT,lstm,200,128,0.3,0.0,0,0.001,0.4582661290322581,0.07223709012984006,0.3572249482502781,0.06288948219262464,0.41658370772987097,0.04366860381589123,0.41117743029070264,0.1036141538923279,0.3867944147355912,0.0670378668725473,0.4509393370969792,0.04667622223641756,0.4582661290322581,0.07223709012984006
Transcript_PFT,lstm,200,128,0.3,0.0,64,0.001,0.47036290322580643,0.10912753519898459,0.2969830423845523,0.08770607527483035,0.37178785317528756,0.10773137348178444,0.31783717357910907,0.1865306736531825,0.3584521687462864,0.05039348412795563,0.3559585191516773,0.1588319584296303,0.47036290322580643,0.10912753519898459
Transcript_PFT,bilstm,100,64,0.3,0.0,0,0.001,0.4651209677419355,0.0273599926672377,0.32848159603105476,0.08679892506874938,0.4130658815019704,0.04297040772872135,0.33034780914237616,0.09767161326482615,0.37046939988116456,0.07270690647737589,0.4132974021843209,0.08155230524812995,0.4651209677419355,0.0273599926672377
Transcript_PFT,bilstm,100,64,0.3,0.0,64,0.001,0.44516129032258067,0.05802319878543826,0.30655697486257755,0.04825945826779015,0.4219954454150467,0.06645177067088383,0.30349469244206084,0.051783759213497205,0.32704991087344026,0.04386681823654142,0.42141956851156764,0.07188055161265873,0.44516129032258067,0.05802319878543826
Transcript_PFT,bilstm,100,128,0.3,0.0,0,0.001,0.4002016129032258,0.09740219620307389,0.2320212885823107,0.02941207405276132,0.325989735546667,0.047282323373170246,0.2625063856960409,0.11020230255403621,0.29092394533571003,0.05953199884852882,0.38343591645037695,0.15680303117298583,0.4002016129032258,0.09740219620307389
Transcript_PFT,bilstm,100,128,0.3,0.0,64,0.001,0.510483870967742,0.06407865792652757,0.3462773689855657,0.07147670772253163,0.45231282980149495,0.07124366053368962,0.3572128349547704,0.1034096590726855,0.3832961972667855,0.03871129982389451,0.4553662892489635,0.10201431962982199,0.510483870967742,0.06407865792652757
Transcript_PFT,bilstm,200,64,0.3,0.0,0,0.001,0.4641129032258065,0.0789452903659727,0.309760348583878,0.12843285985666109,0.3798337022981236,0.09870387505157516,0.32248120300751876,0.19572922962780429,0.36348781937017227,0.1009198336878175,0.3743079472875738,0.14449656685611756,0.4641129032258065,0.0789452903659727
Transcript_PFT,bilstm,200,64,0.3,0.0,64,0.001,0.4647177419354839,0.04494656614840313,0.2824056786622312,0.033534265280802764,0.4045955788220642,0.03385859590975184,0.28393104331090985,0.058105976059666775,0.32254159239453356,0.013312740674299545,0.3995831384376564,0.06895829146603936,0.4647177419354839,0.04494656614840313
Transcript_PFT,bilstm,200,128,0.3,0.0,0,0.001,0.4393145161290322,0.13243128899897985,0.32206306567729276,0.08527560214153584,0.396899356746495,0.09311225071007849,0.43024420024420024,0.14694708543743848,0.35369132501485445,0.06533728202385418,0.49079909114183307,0.12122292505205545,0.4393145161290322,0.13243128899897985
Transcript_PFT,bilstm,200,128,0.3,0.0,64,0.001,0.4903225806451613,0.05802319878543826,0.27861608969978724,0.05317686154013831,0.41294077458480205,0.060938007968266206,0.2525651473597144,0.07136078978874816,0.32725044563279854,0.03709965832617867,0.370218628559813,0.08505039850365505,0.4903225806451613,0.05802319878543826
Transcript_CTD,lstm,100,64,0.3,0.0,0,0.001,0.538508064516129,0.024196908368834688,0.31253590635943584,0.0654038659207097,0.4595479625792719,0.07165891312327656,0.29135610823409785,0.0902166424237083,0.36134878193701725,0.029731484621254987,0.42101768425787534,0.10836984340872612,0.538508064516129,0.024196908368834688
Transcript_CTD,lstm,100,64,0.3,0.0,64,0.001,0.4879032258064516,0.07539352188722738,0.28485228222070325,0.08027941217387356,0.3868777515636599,0.12454273252573228,0.2600440917107584,0.10866637475387395,0.35730095068330364,0.04110827103513928,0.34679200802184673,0.15499937166427954,0.4879032258064516,0.07539352188722738
Transcript_CTD,lstm,100,128,0.3,0.0,0,0.001,0.5129032258064516,0.054362256601137804,0.3361590859151835,0.09003509642839108,0.4479205756074364,0.07457267237910352,0.3357901234567901,0.12594825752119843,0.3880718954248366,0.10662093376347903,0.44037706946577915,0.13130103646867552,0.5129032258064516,0.054362256601137804
Transcript_CTD,lstm,100,128,0.3,0.0,64,0.001,0.5129032258064516,0.0543622566011378,0.2814595972089034,0.0756047605778665,0.40793419517196783,0.06100214880121835,0.2866468590831918,0.1661157514197405,0.34569964349376114,0.05746486343258789,0.3926470964090768,0.16167860279663773,0.5129032258064516,0.0543622566011378
Transcript_CTD,lstm,200,64,0.3,0.0,0,0.001,0.4868951612903226,0.05608318715420486,0.33822302913455016,0.042785110811459276,0.45367049520485503,0.04574435564982596,0.3544937323262131,0.0504454716580248,0.36700089126559715,0.043488687611772485,0.47039551434337595,0.055726218697254984,0.4868951612903226,0.05608318715420486
Transcript_CTD,lstm,200,64,0.3,0.0,64,0.001,0.475,0.05950279595386036,0.33946662454511634,0.036383498678023,0.44633620406008945,0.03587721652140251,0.37120221826104177,0.07957886483576701,0.356951871657754,0.03887228475647898,0.47067026835172,0.04670265550726513,0.475,0.05950279595386036
Transcript_CTD,lstm,200,128,0.3,0.0,0,0.001,0.5122983870967742,0.08251954802621991,0.312154661456987,0.09194060883027319,0.4406654463392086,0.08610316546355629,0.3208901884340481,0.11820540677001358,0.35516191325014856,0.08641103667238383,0.435735115117543,0.1244030989803909,0.5122983870967742,0.08251954802621991
Transcript_CTD,lstm,200,128,0.3,0.0,64,0.001,0.5383064516129032,0.06720698919355055,0.41569668605755217,0.11266815921355887,0.501929963923652,0.08202689627180025,0.44946827853948595,0.1136351801292077,0.4697118241235888,0.13651587115334565,0.5443887029203305,0.09302167761278402,0.5383064516129032,0.06720698919355055
Transcript_CTD,bilstm,100,64,0.3,0.0,0,0.001,0.513508064516129,0.06542827967689223,0.30826127904627193,0.05831917298647374,0.4494761455818037,0.058437609437351774,0.3179717813051146,0.08892647087719857,0.34376856803327394,0.053364390662354405,0.44578746373101213,0.09667647161100465,0.513508064516129,0.06542827967689223
Transcript_CTD,bilstm,100,64,0.3,0.0,64,0.001,0.5058467741935484,0.09041703730357162,0.32570324914227355,0.09387441254399902,0.4309689176333551,0.1308186841249066,0.291589474870408,0.10006057712132888,0.40256981580511,0.0902688533764222,0.3926520463232568,0.14491938277695623,0.5058467741935484,0.09041703730357162
Transcript_CTD,bilstm,100,128,0.3,0.0,0,0.001,0.5381048387096774,0.10449773957096992,0.3569722633038065,0.12787479005469918,0.4777213652934723,0.1303437608692896,0.3359816653934301,0.14497463325495744,0.3996657754010695,0.10379126652832661,0.44676667862892955,0.15317077707174748,0.5381048387096774,0.10449773957096992
Transcript_CTD,bilstm,100,128,0.3,0.0,64,0.001,0.551008064516129,0.04772565382788011,0.320882099587863,0.07599355395181186,0.4703633529158253,0.08518747436321583,0.35520987654320985,0.1456873485792309,0.36993464052287583,0.04861049321296754,0.4981161887694146,0.17296408599578356,0.551008064516129,0.04772565382788011
Transcript_CTD,bilstm,200,64,0.3,0.0,0,0.001,0.4991935483870968,0.0978568471749517,0.3204463836816778,0.06571312628564821,0.45037885211983886,0.09546296477512227,0.32382008490704145,0.07503469099752536,0.3469102792632205,0.06507724386608135,0.44097286858770035,0.10683249765990334,0.4991935483870968,0.0978568471749517
Transcript_CTD,bilstm,200,64,0.3,0.0,64,0.001,0.5191532258064516,0.08913479515069112,0.355061047448724,0.09692523983486122,0.4687636358998528,0.10605978628194838,0.3490052053209948,0.10877801212425213,0.4051099227569816,0.0879355752836462,0.4585023954893438,0.12183565537022636,0.5191532258064516,0.08913479515069112
Transcript_CTD,bilstm,200,128,0.3,0.0,0,0.001,0.5836693548387097,0.11202495378508982,0.3874394645786836,0.14893219313683342,0.5233786949903232,0.13909289611652242,0.4052704242379187,0.2188299648435476,0.4196598336304219,0.12343109156345704,0.5036252794107963,0.17263236732384327,0.5836693548387097,0.11202495378508982
Transcript_CTD,bilstm,200,128,0.3,0.0,64,0.001,0.4417338709677419,0.10162650318614681,0.28203517266648237,0.07448894051410292,0.38041494599119147,0.09201749461994357,0.2956390276390276,0.08816881709714458,0.33321449792038027,0.07110433032169934,0.4027160017401953,0.09165112603487809,0.4417338709677419,0.10162650318614681
Transcript_SFT,lstm,100,64,0.3,0.0,0,0.001,0.5195698924731182,0.035333012649151084,0.38480912148057056,0.05040443547558156,0.47652896952119433,0.05746338898551032,0.4025946275946276,0.054217074020231765,0.42436868686868684,0.057200119207777345,0.49547825830083897,0.06920810654621126,0.5195698924731182,0.035333012649151084
Transcript_SFT,lstm,100,64,0.3,0.0,64,0.001,0.4395698924731183,0.1219364320761145,0.3079653545927607,0.10733071637937587,0.38923118169316373,0.11867916081318802,0.3516625966625966,0.16447566843066402,0.3411868686868687,0.10560971376568166,0.4323432272106886,0.17877565808690013,0.4395698924731183,0.1219364320761145
Transcript_SFT,lstm,100,128,0.3,0.0,0,0.001,0.5258064516129032,0.03933779524008422,0.319590960078765,0.06811843369118845,0.417942883674591,0.041779156606672925,0.4108292282430213,0.15118402449600743,0.40156565656565657,0.08740893055460597,0.5133459222769567,0.16729130663632116,0.5258064516129032,0.03933779524008422
Transcript_SFT,lstm,100,128,0.3,0.0,64,0.001,0.4935483870967742,0.021878483816533123,0.260367307294571,0.06886344131094985,0.36786436730763233,0.04308526836594484,0.21959378733572282,0.0941504586761726,0.35,0.04448782605013046,0.3118202489690523,0.09383386200759117,0.4935483870967742,0.021878483816533123
Transcript_SFT,lstm,200,64,0.3,0.0,0,0.001,0.4929032258064516,0.05398492015047906,0.3309185794362869,0.0674770603557214,0.4452915117010329,0.054847660756565504,0.33232244008714595,0.08994150800346314,0.35770202020202013,0.05735737424932797,0.43591873738742803,0.08927024225762295,0.4929032258064516,0.05398492015047906
Transcript_SFT,lstm,200,64,0.3,0.0,64,0.001,0.4395698924731183,0.10636229553698683,0.26646160575153494,0.0715249913771146,0.3663168377212437,0.11593075954715584,0.2743875086266391,0.10164991889697345,0.3232323232323232,0.06850023850496596,0.3725547040227966,0.15226108979178038,0.4395698924731183,0.10636229553698683
Transcript_SFT,lstm,200,128,0.3,0.0,0,0.001,0.4726881720430107,0.08608760900977698,0.3492980187980188,0.09806245520267255,0.41790314740577894,0.09252653335196613,0.3531009891879457,0.11272580297848034,0.4187626262626263,0.10963475085036231,0.4312601200679742,0.1089773154311152,0.4726881720430107,0.08608760900977698
Transcript_SFT,lstm,200,128,0.3,0.0,64,0.001,0.4929032258064517,0.07167003436496891,0.30867922086010713,0.08017646591882624,0.43148742520799777,0.1037979900885135,0.31486045923386075,0.09154240998530562,0.3521969696969697,0.05020597051709801,0.4360823721008524,0.11952422865668337,0.4929032258064517,0.07167003436496891
Transcript_SFT,bilstm,100,64,0.3,0.0,0,0.001,0.5180645161290323,0.12863451241682766,0.3488598050991078,0.10035734119670223,0.46777471742210697,0.15333268186046442,0.32888637445273605,0.11477908108176926,0.38939393939393935,0.0783119854465793,0.44255766099135474,0.16924676951042306,0.5180645161290323,0.12863451241682766
Transcript_SFT,bilstm,100,64,0.3,0.0,64,0.001,0.5331182795698924,0.10274169634740882,0.3852522187895505,0.1336065921507895,0.4733129314870145,0.16391559635822797,0.3661881888488604,0.15625525362268192,0.43368686868686873,0.08859449642878302,0.44851735295152617,0.1942631130773971,0.5331182795698924,0.10274169634740882
Transcript_SFT,bilstm,100,128,0.3,0.0,0,0.001,0.5726881720430107,0.048162441439428764,0.4744824422521222,0.09675266697083872,0.5495763869609578,0.06560113445784654,0.5332595912859069,0.0821146261559834,0.527020202020202,0.08838423520834439,0.6288767747532603,0.07555819592344888,0.5726881720430107,0.048162441439428764
Transcript_SFT,bilstm,100,128,0.3,0.0,64,0.001,0.5126881720430108,0.03158729121218294,0.3427386652191281,0.04628027564911073,0.43032924196405953,0.03245222934541696,0.3450292126016764,0.06415113935610964,0.4087878787878788,0.060799701174360544,0.4266413425933061,0.09244988078543957,0.5126881720430108,0.03158729121218294
Transcript_SFT,bilstm,200,64,0.3,0.0,0,0.001,0.5458064516129032,0.08335268592490619,0.3631287953972832,0.10967799908109566,0.4878116510595166,0.11532631701025661,0.3430178034067977,0.1210219498012061,0.40393939393939393,0.08801301718936833,0.45867266898560893,0.1371631366416616,0.5458064516129032,0.08335268592490619
Transcript_SFT,bilstm,200,64,0.3,0.0,64,0.001,0.5118279569892474,0.08587891407669436,0.33467872253494846,0.1160686239256452,0.44976768170142634,0.10179078603431234,0.36756474519632415,0.1640923148794345,0.36729797979797985,0.09447833346507181,0.4688511601584606,0.16358263379892723,0.5118279569892474,0.08587891407669436
Transcript_SFT,bilstm,200,128,0.3,0.0,0,0.001,0.5382795698924732,0.08639595919003283,0.41599578100761325,0.13263397723341702,0.5121064678150764,0.08850390416964865,0.47033174943391665,0.14970330383940947,0.43381313131313126,0.13238655089267737,0.5711805536502181,0.12014250480977189,0.5382795698924732,0.08639595919003283
Transcript_SFT,bilstm,200,128,0.3,0.0,64,0.001,0.4404301075268817,0.04501563814040753,0.3193986398730232,0.03889971952814497,0.41355835685265807,0.03396389387016209,0.31212083238399024,0.04920551866556493,0.3542929292929292,0.04063703339083545,0.4093442072924246,0.04745592088805813,0.4404301075268817,0.04501563814040753
